Domain,Status,Attractiveness,Demand,Length,Sectors,Created,Expires,Registrar
one.autos,available,132,44%,3,"Business,General,Media,Technology",,,
second.autos,available,120,23%,6,"General,Mathematics",,,
tenth.autos,available,116,7%,5,Mathematics,,,
flat.autos,available,116,24%,4,"Construction,Real Estate",,,
eight.autos,available,102,23%,5,"General,Mathematics",,,
eighth.autos,available,100,6%,6,Mathematics,,,
crack.autos,available,100,20%,5,Sports,,,
third.autos,available,100,16%,5,Mathematics,,,
sixth.autos,available,100,8%,5,Mathematics,,,
ninth.autos,available,100,9%,5,Mathematics,,,
twentieth.autos,available,92,3%,9,Mathematics,,,
nought.autos,available,92,4%,6,Mathematics,,,
leash.autos,available,90,7%,5,"General,Health and Fitness,Retail",,,
eleven.autos,available,88,33%,6,Mathematics,,,
ace.autos,available,88,34%,3,Sports,,,
ten.autos,available,88,28%,3,"General,Mathematics",,,
twelve.autos,available,88,18%,6,"General,Mathematics",,,
three.autos,available,88,24%,5,Mathematics,,,
sixteen.autos,available,88,11%,7,Mathematics,,,
hundred.autos,available,88,14%,7,Mathematics,,,
xiv.autos,available,86,12%,3,Mathematics,,,
xix.autos,available,86,11%,3,Mathematics,,,
cipher.autos,available,86,29%,6,Mathematics,,,
twentytwo.autos,available,84,11%,10,Mathematics,,,
fourteen.autos,available,84,8%,8,Mathematics,,,
seventeen.autos,available,84,7%,9,Mathematics,,,
nineteen.autos,available,84,8%,8,Mathematics,,,
thirteen.autos,available,84,10%,8,Mathematics,,,
thousand.autos,available,84,8%,8,Mathematics,,,
grand.autos,resell,84,25%,5,"Finance,General",10/08/2024 14:40,10/08/2026 23:59,"Spaceship, Inc."
twentyone.autos,available,84,13%,10,Mathematics,,,
decade.autos,available,82,10%,6,Mathematics,,,
fivesome.autos,available,82,1%,8,Sports,,,
dozen.autos,available,82,10%,5,Mathematics,,,
nine.autos,available,80,24%,4,"General,Mathematics",,,
first.autos,available,80,36%,5,"General,Mathematics",,,
two.autos,available,80,24%,3,Mathematics,,,
yard.autos,available,80,26%,4,"Construction,General",,,
twenty.autos,available,80,12%,6,Mathematics,,,
seventh.autos,available,80,10%,7,Mathematics,,,
forty.autos,available,80,9%,5,Mathematics,,,
sixtynine.autos,available,78,8%,10,Mathematics,,,
twentysix.autos,available,78,8%,10,Mathematics,,,
nineteenth.autos,available,76,3%,10,Mathematics,,,
thousandth.autos,available,76,1%,10,Mathematics,,,
hundredth.autos,available,76,1%,9,Mathematics,,,
firstrate.autos,available,76,6%,10,Business,,,
fourteenth.autos,available,76,1%,10,Mathematics,,,
fifteenth.autos,available,76,2%,9,Mathematics,,,
eighteen.autos,available,76,7%,8,Mathematics,,,
thirteenth.autos,available,76,4%,10,Mathematics,,,
threed.autos,available,76,7%,7,Technology,,,
single.autos,available,74,19%,6,Sports,,,
trey.autos,available,72,14%,4,Sports,,,
eightieth.autos,available,72,1%,9,Mathematics,,,
sixtieth.autos,available,72,1%,8,Mathematics,,,
trinity.autos,available,72,18%,7,Religion,,,
seventieth.autos,available,72,1%,10,Mathematics,,,
ternary.autos,available,72,7%,7,Mathematics,,,
liv.autos,available,72,27%,3,Mathematics,,,
ninetieth.autos,available,72,1%,9,Mathematics,,,
unity.autos,available,70,40%,5,Mathematics,,,
tiptop.autos,available,70,24%,6,Fashion,,,
fiftieth.autos,available,68,0%,8,Mathematics,,,
ennead.autos,available,68,5%,6,Mathematics,,,
septenary.autos,available,68,1%,9,Mathematics,,,
fortieth.autos,available,68,0%,8,Mathematics,,,
threesome.autos,available,68,5%,9,Entertainment,,,
thirtieth.autos,available,68,1%,9,Mathematics,,,
ane.autos,available,68,12%,3,Mathematics,,,
octonary.autos,available,68,1%,8,Mathematics,,,
sevener.autos,available,68,1%,7,Mathematics,,,
foursome.autos,available,68,4%,8,Sports,,,
xxv.autos,available,66,6%,3,Mathematics,,,
xvi.autos,available,66,5%,3,Mathematics,,,
xxvi.autos,available,66,3%,4,Mathematics,,,
deuce.autos,available,66,9%,5,Sports,,,
xviii.autos,available,66,5%,5,Mathematics,,,
xvii.autos,available,66,5%,4,Mathematics,,,
xxi.autos,available,66,10%,3,Mathematics,,,
eighty.autos,available,66,6%,6,Mathematics,,,
four.autos,available,66,27%,4,Mathematics,,,
six.autos,available,66,26%,3,Mathematics,,,
xii.autos,available,66,10%,3,Mathematics,,,
sextet.autos,available,66,1%,6,Entertainment,,,
tenner.autos,available,66,5%,6,Finance,,,
xiii.autos,available,66,9%,4,Mathematics,,,
xxii.autos,available,66,6%,4,Mathematics,,,
thirty.autos,available,66,8%,6,Mathematics,,,
century.autos,available,66,17%,7,Education,,,
clv.autos,available,66,10%,3,Mathematics,,,
fifty.autos,available,66,12%,5,Mathematics,,,
ninety.autos,available,66,11%,6,Mathematics,,,
acappella.autos,available,66,6%,10,Entertainment,,,
five.autos,available,66,26%,4,Mathematics,,,
onec.autos,available,66,6%,5,Mathematics,,,
quartet.autos,available,62,7%,7,"Arts,Entertainment",,,
eleventh.autos,available,62,5%,8,Mathematics,,,
troika.autos,available,62,8%,6,Politics,,,
chiliad.autos,available,62,2%,7,Mathematics,,,
eighteenth.autos,available,62,1%,10,Mathematics,,,
twodozen.autos,available,62,1%,9,Mathematics,,,
longdozen.autos,available,62,2%,10,Mathematics,,,
fortyfour.autos,available,62,6%,10,Mathematics,,,
sixteenth.autos,available,62,1%,9,Mathematics,,,
cxxx.autos,available,60,4%,4,Mathematics,,,
thou.autos,available,60,7%,4,Mathematics,,,
clx.autos,available,60,10%,3,Mathematics,,,
cxxv.autos,available,60,1%,4,Mathematics,,,
clxv.autos,available,60,1%,4,Mathematics,,,
clxx.autos,available,60,3%,4,Mathematics,,,
clxxx.autos,available,60,1%,5,Mathematics,,,
xcl.autos,available,60,5%,3,Mathematics,,,
cxxxv.autos,available,60,2%,5,Mathematics,,,
cxl.autos,available,60,7%,3,Mathematics,,,
cxv.autos,available,60,4%,3,Mathematics,,,
cxlv.autos,available,60,2%,4,Mathematics,,,
sixty.autos,available,60,13%,5,Mathematics,,,
eightysix.autos,available,60,7%,10,Mathematics,,,
clxxv.autos,available,60,1%,5,Mathematics,,,
tertiary.autos,available,60,4%,8,Education,,,
octad.autos,available,58,5%,5,Mathematics,,,
fourscore.autos,available,58,4%,9,Mathematics,,,
pentad.autos,available,58,2%,6,Mathematics,,,
heptad.autos,available,58,1%,6,Mathematics,,,
sixtyone.autos,available,58,3%,9,Mathematics,,,
seventy.autos,available,58,7%,7,Mathematics,,,
centesimal.autos,available,58,1%,10,Mathematics,,,
alacarte.autos,available,58,11%,10,Food and Beverage,,,
fifth.autos,available,58,12%,5,Mathematics,,,
seven.autos,available,58,36%,5,Mathematics,,,
sixer.autos,available,58,5%,5,Sports,,,
sextuplet.autos,available,58,1%,9,Healthcare,,,
lxxx.autos,available,58,2%,4,Mathematics,,,
cypher.autos,available,58,29%,6,Mathematics,,,
fourth.autos,available,58,13%,6,Mathematics,,,
super.autos,available,58,47%,5,Business,,,
tetrad.autos,available,58,5%,6,Mathematics,,,
niner.autos,available,58,5%,5,Mathematics,,,
hexad.autos,available,58,4%,5,Mathematics,,,
eighter.autos,available,58,2%,7,Mathematics,,,
twelfth.autos,available,58,2%,7,Mathematics,,,
liii.autos,available,56,4%,4,Mathematics,,,
fiftysix.autos,available,56,4%,9,Mathematics,,,
xliv.autos,available,56,2%,4,Mathematics,,,
fiftytwo.autos,available,56,6%,9,Mathematics,,,
xxiii.autos,available,56,5%,5,Mathematics,,,
xxxiii.autos,available,56,2%,6,Mathematics,,,
thirtyone.autos,available,56,5%,10,Mathematics,,,
fiftyfour.autos,available,56,3%,10,Mathematics,,,
lviii.autos,available,56,1%,5,Mathematics,,,
fiftyone.autos,available,56,7%,9,Mathematics,,,
fiftynine.autos,available,56,4%,10,Mathematics,,,
xli.autos,available,56,5%,3,Mathematics,,,
xlviii.autos,available,56,1%,6,Mathematics,,,
xxix.autos,available,56,4%,4,Mathematics,,,
xxxiv.autos,available,56,1%,5,Mathematics,,,
halfdozen.autos,available,56,1%,10,Mathematics,,,
xxvii.autos,available,56,3%,5,Mathematics,,,
lvi.autos,available,56,8%,3,Mathematics,,,
lii.autos,available,56,7%,3,Mathematics,,,
fortysix.autos,available,56,3%,9,Mathematics,,,
xxxi.autos,available,56,9%,4,Mathematics,,,
thirtytwo.autos,available,56,5%,10,Mathematics,,,
xxxvii.autos,available,56,2%,6,Mathematics,,,
xlv.autos,available,56,6%,3,Mathematics,,,
aone.autos,available,56,15%,5,Food and Beverage,,,
lvii.autos,available,56,1%,4,Mathematics,,,
xxiv.autos,available,56,5%,4,Mathematics,,,
fortynine.autos,available,56,3%,10,Mathematics,,,
xxxv.autos,available,56,4%,4,Mathematics,,,
ilx.autos,available,56,5%,3,Mathematics,,,
xlii.autos,available,56,5%,4,Mathematics,,,
fiftyfive.autos,available,56,7%,10,Mathematics,,,
xlvi.autos,available,56,3%,4,Mathematics,,,
xlvii.autos,available,56,2%,5,Mathematics,,,
fortytwo.autos,available,56,17%,9,Mathematics,,,
xxxviii.autos,available,56,1%,7,Mathematics,,,
thirtysix.autos,available,56,5%,10,Mathematics,,,
xxxvi.autos,available,56,1%,5,Mathematics,,,
fortyone.autos,available,56,4%,9,Mathematics,,,
xxxii.autos,available,56,1%,5,Mathematics,,,
xliii.autos,available,56,1%,5,Mathematics,,,
xxviii.autos,available,56,1%,6,Mathematics,,,
quaternity.autos,available,54,4%,10,Mathematics,,,
twoscore.autos,available,54,2%,8,Mathematics,,,
viii.autos,available,54,6%,4,Mathematics,,,
fortyfive.autos,available,54,4%,10,Mathematics,,,
quaternion.autos,available,54,6%,10,Mathematics,,,
vii.autos,available,54,13%,3,Mathematics,,,
deuceace.autos,available,54,2%,9,Sports,,,
quatern.autos,available,54,2%,7,Mathematics,,,
threescore.autos,available,54,1%,10,Mathematics,,,
lxxii.autos,available,52,1%,5,Mathematics,,,
sixtysix.autos,available,52,4%,9,Mathematics,,,
lxiv.autos,available,52,3%,4,Mathematics,,,
eightytwo.autos,available,52,4%,10,Mathematics,,,
lxxxiii.autos,available,52,1%,7,Mathematics,,,
lxiii.autos,available,52,2%,5,Mathematics,,,
lxxiii.autos,available,52,1%,6,Mathematics,,,
lxviii.autos,available,52,1%,6,Mathematics,,,
lxxvii.autos,available,52,2%,6,Mathematics,,,
sixtyfive.autos,available,52,3%,10,Mathematics,,,
lxxxv.autos,available,52,1%,5,Mathematics,,,
lxii.autos,available,52,1%,4,Mathematics,,,
lxxxii.autos,available,52,1%,6,Mathematics,,,
lxxxvi.autos,available,52,1%,6,Mathematics,,,
ixc.autos,available,52,5%,3,Mathematics,,,
lxi.autos,available,52,5%,3,Mathematics,,,
xcii.autos,available,52,2%,4,Mathematics,,,
eightyone.autos,available,52,3%,10,Mathematics,,,
lxxi.autos,available,52,1%,4,Mathematics,,,
xcvii.autos,available,52,1%,5,Mathematics,,,
xcv.autos,resell,52,7%,3,Mathematics,30/11/2024 01:30,30/11/2025 23:59,"Spaceship, Inc."
xcviii.autos,available,52,1%,6,Mathematics,,,
ixl.autos,available,52,9%,3,Mathematics,,,
lxxxi.autos,available,52,1%,5,Mathematics,,,
xci.autos,available,52,4%,3,Mathematics,,,
ninetytwo.autos,available,52,4%,10,Mathematics,,,
sixtyfour.autos,available,52,3%,10,Mathematics,,,
lxxv.autos,available,52,1%,4,Mathematics,,,
lxxvi.autos,available,52,1%,5,Mathematics,,,
lxxiv.autos,available,52,1%,5,Mathematics,,,
ninetyone.autos,available,52,5%,10,Mathematics,,,
lxv.autos,available,52,5%,3,Mathematics,,,
xciv.autos,available,52,2%,4,Mathematics,,,
xcvi.autos,available,52,2%,4,Mathematics,,,
lxxxvii.autos,available,52,1%,7,Mathematics,,,
lxxxiv.autos,available,52,1%,6,Mathematics,,,
ninetysix.autos,available,52,4%,10,Mathematics,,,
lxvii.autos,available,52,1%,5,Mathematics,,,
sixtytwo.autos,available,52,3%,9,Mathematics,,,
xciii.autos,available,52,1%,5,Mathematics,,,
lxvi.autos,available,52,3%,4,Mathematics,,,
lxx.autos,available,50,5%,3,Mathematics,,,
triplet.autos,available,50,8%,7,Science,,,
cinque.autos,available,50,7%,6,Mathematics,,,
ogdoad.autos,available,50,1%,6,Mathematics,,,
lxxxviii.autos,available,48,1%,8,Mathematics,,,
quaternary.autos,available,46,3%,10,Mathematics,,,